Title,Channel,Views,URL
"Meem Se Mohabbat - Episode 30 [CC] 27th Mar 2025 - Sponsored By foodpanda, Master Paints, Skin White",HUM TV,19439437,https://www.youtube.com/watch?v=uVR67RYwYYY
"RAID 2 Teaser: Ajay D | Riteish D | Vaani K | Raj Kumar | Abhishek P | Kumar M | Bhushan K,Krishan K",T-Series,10684930,https://www.youtube.com/watch?v=jG1hSF4vOuk
Good Bad Ugly: God Bless U Lyrical Video | Ajith | Anirudh | GV Prakash | Adhik Ravichandran,T-Series Tamil,10377699,https://www.youtube.com/watch?v=oO8qqBUncXI
Settagalla Lyrical | KD Kannada | KVN | Mika Singh | Prem's | Arjun Janya | Dhruva Sarja |Reeshma|,Anand Audio,5306155,https://www.youtube.com/watch?v=CAEF7OOsEYc
Finally Dubai Pohoch Gaye üòçFamily K Sath,Sourav Joshi Vlogs,4225983,https://www.youtube.com/watch?v=Mi9Z71BBWg0
"Whatever They DRAW, I Will Buy it Challenge !! *Finally New CAR*",Fukra Insaan,4207656,https://www.youtube.com/watch?v=PvjmPa5UAiU
Zakir khan | Delulu Express | Train Journey,Zakir Khan,3887490,https://www.youtube.com/watch?v=NVg3bRE8q8U
45 Official Teaser Kannada | Dr.Shivarajkumar | Upendra | Raj B Shetty | Arjun Janya | Suraj,Anand Audio,3274880,https://www.youtube.com/watch?v=ZsZxyyEmGlk
Siragadikka Aasai | 31st March to 5th April 2025 - Promo,Vijay Television,3199225,https://www.youtube.com/watch?v=0UWry5Wi5ws
"The Bhootnii (Official Trailer) | Sanjay D, Mouni R, Sunny S , Palak T, Nick | Sidhaant S | Deepak M",Soham Rockstar Entertainment,3112961,https://www.youtube.com/watch?v=L8Wfzxch7Xo
Pandian Stores 2 | 31st March to 5th April 2025 - Promo,Vijay Television,2668486,https://www.youtube.com/watch?v=xD4LmaEm6oY
Aaha Kalyanam | 31st March to 4th April 2025 - Promo,Vijay Television,2533710,https://www.youtube.com/watch?v=S-KhXgemXb0
L2: Empuraan | My Opinion | Mohanlal | Prithviraj Sukumaran | Malayalam,LifeofShazzam,2522798,https://www.youtube.com/watch?v=jRf55yunWDA
Scary Whatsapp Horror Call Prank on Youtubers üò±,Wanderers Hub,2488661,https://www.youtube.com/watch?v=JuTE-7paynY
[HINDI] realme BGIS 2025 | SEMI FINALS - WEEK 01 | Day 1,KRAFTON INDIA ESPORTS,2222936,https://www.youtube.com/watch?v=l2MW3LzjiJ0
[HINDI] realme BGIS 2025 | SEMI FINALS - WEEK 01 | Day 2,KRAFTON INDIA ESPORTS,2146545,https://www.youtube.com/watch?v=vbpZLfmEe2E
Let's Talk,Ranveer Allahbadia,1950734,https://www.youtube.com/watch?v=mpQg4aek_mY
"Sardar 2 - Announcement Promo | Karthi l  SJ Suryah, Malavika Mohanan | P.S Mithran",Sony Music South,1602417,https://www.youtube.com/watch?v=GECEywJH6Ew
Aayi Hai Navratri | Hansraj Raghuwanshi | Navratri Special Bhajan 2025 | Jai Mata Di | Music Video,Hansraj Raghuwanshi,1396598,https://www.youtube.com/watch?v=VOLEsdtCgZQ
Reacting to Viral Memes ft. Thala,Nischay Malhan,1040045,https://www.youtube.com/watch?v=Dpd1e1WCMZQ
Sikandar Movie REVIEW | Deeksha Sharma,Filmi Indian,1024467,https://www.youtube.com/watch?v=vIJxeEv8MAs
Sikandar Movie Review | Yogi Bolta Hai,YOGI BOLTA HAI,1022934,https://www.youtube.com/watch?v=kdj54KHyQt0
LEHENGE ME LEVIATHAN : DUNIYA KHATAM | Ft. Instagram,Angry Prash,1012326,https://www.youtube.com/watch?v=U52FB75fM78
QUESTIONS | MEN vs WOMEN | VIPUL GOYAL |  STAND-UP COMEDY,Vipul Goyal,895697,https://www.youtube.com/watch?v=CB0wFn94Mr4
Bhide ‡§®‡•á ‡§ñ‡•Ä‡§Ç‡§ö‡§æ Abdul ‡§ï‡•á ‡§∏‡§æ‡§• Jetha ‡§ï‡§æ ‡§™‡•à‡§∞ | Taarak Mehta Ka Ooltah Chashmah| Jetha-Bhide Ki Nok Jhonk,LIV Comedy,880707,https://www.youtube.com/watch?v=rN9wwGd5Ohg
Gudi Padwa Special Sunday Brunch With Tejasswi Prakash X Kamiya Jani | Ep 169 | Curly Tales,Curly Tales ,860533,https://www.youtube.com/watch?v=ltyN649E4tU
Reacting to MS DHONI First Podcast & Zayn Saifi Funny MEMES üòÇ,FUKRA INSAAN LIVE,648295,https://www.youtube.com/watch?v=d6CxHZYxpvA
My Last Review on Salman Khan Film | Sikandar Movie HONEST REVIEW |,Suraj Kumar,609607,https://www.youtube.com/watch?v=sae5t8gs6cs
My first Vlog with him ‚ô•Ô∏è (I‚Äôm nervous lol),Pragati Verma,597136,https://www.youtube.com/watch?v=ZyOL9Upan3Q
"VEERA DHEERA SOORAN Review - Vikram, SJ Surya, GV Prakash - Tamil Talkies",Tamil Talkies,574787,https://www.youtube.com/watch?v=ExyvTBdI5Qs
Main Balak Tu Mata (Official Video) Navratri Special Song 2025 | Navratri Bhajan | Shekhar Jaiswal,Shekhar Jaiswal,495614,https://www.youtube.com/watch?v=BdzOco0cxoM
Brazil Legends vs India All-Stars | Exhibition Match | 2025 | Highlights,FanCode,463495,https://www.youtube.com/watch?v=Gp-emdPaPvA
‡§Ö‡§Ç‡§ó‡§®‡§æ ‡§™‡§ß‡§æ‡§∞‡•ã ‡§Æ‡§π‡§æ‡§∞‡§æ‡§®‡•Ä Angana Padharo Maharani - Lakhbir Singh Lakha | Mata Rani Ke Bhajan | ‡§Æ‡§æ‡§§‡§æ ‡§≠‡§ú‡§®,Nova Spiritual India,412359,https://www.youtube.com/watch?v=mJ4oQBvlcnE
‡¥ó‡¥Ç‡¥ó‡¥Ø‡µÅ‡¥ü‡µÜ ‡¥∏‡µç‡¥µ‡¥™‡µç‡¥® ‡¥≠‡¥µ‡¥®‡¥Ç| Home tour ft Glamy Ganga,Karthik Surya,385100,https://www.youtube.com/watch?v=_sOzbFIEb1g
Big Youtubers Gave Me DARE üò± Gone *Extremely* WR0NG,Nilanjana Dhar,365809,https://www.youtube.com/watch?v=1BQckIvjYvo
Naku Okka Kodukunaadu DJ Full Song | Latest Folk Songs | Poddupodupu Shankar |  Bathukamma Music,Bathukamma Music,334493,https://www.youtube.com/watch?v=eExJxrsHYgY
Veera Dheera Sooran - Sneak Peek | Chiyaan Vikram | SJ Suryah | S.U.Arun Kumar | G.V.Prakash,Moviebuff Tamil,324500,https://www.youtube.com/watch?v=Vk3A1aEZf4Y
100% Freeü§© Ghibli Photo Kaise Banaye ? How To Create Ghibli Image | Viral Cartoon Photo Editing,Junnu Ki TECH,322478,https://www.youtube.com/watch?v=rMD5n-BjQpA
‡ÆÖ‡Æ©‡Øà‡Æµ‡Æ∞‡Øà‡ÆØ‡ØÅ‡ÆÆ‡Øç ‡Æö‡Æø‡Æ∞‡Æø‡Æ™‡Øç‡Æ™‡Æø‡Æ≤‡Øç ‡Æ§‡Æ≥‡Øç‡Æ≥‡Æø‡ÆØ ‡ÆÆ‡Øã‡Æï‡Æ©‡Æö‡ØÅ‡Æ®‡Øç‡Æ§‡Æ∞‡ÆÆ‡Øç | Mohana Sundaram comedy speech,Mega Tv,297459,https://www.youtube.com/watch?v=U_5aOkxQ_U0
Girls High School | Episode - 15 | Student Missing | Nakkalites Fzone,Nakkalites FZone,262622,https://www.youtube.com/watch?v=iUiKRW9F9zU
Durga Chalisa | ‡§∂‡•ç‡§∞‡•Ä ‡§¶‡•Å‡§∞‡•ç‡§ó‡§æ ‡§ö‡§æ‡§≤‡•Ä‡§∏‡§æ | Sohini Mishra | Durga Bhajan | Durga Mata Bhajan | Navratri,Shemaroo Bhakti,249426,https://www.youtube.com/watch?v=ZxMkW0ASufk
"Aditya 369 Re-Release Trailer | Nandamuri Balakrishna, Mohini, Singeetam SrinivasaRao,Sridevi Movies",Sridevi Movies,194605,https://www.youtube.com/watch?v=ARN4L8UFp4M
Banthu Ugadi Habba Special Songs | Kannada Movies Selected Songs | #anandaudiokannada,Anand Audio Kannada (‡≤ï‡≤®‡≥ç‡≤®‡≤°),169075,https://www.youtube.com/watch?v=YEZ1DajwfTk
‡¥û‡¥ô‡µç‡¥ô‡¥≥‡µÅ‡¥ü‡µÜ ‡¥™‡µÜ‡¥∞‡µÅ‡¥®‡µç‡¥®‡¥æ‡µæ ‡¥∏‡¥Æ‡µç‡¥Æ‡¥æ‡¥®‡¥Ç|Ahlan Eid|Zifran Nizam|Noori Nizam|Nizam Thaliparamba|Meharunnisa Nizam|,Zifran Nizam,141362,https://www.youtube.com/watch?v=kCkhpQo--yE
kunjupengale kallyanam 9 | Thanseer koothuparamba | Thajudheen | Adil Athu | Nizam | Malayalam Album,Taalboys Vision,132103,https://www.youtube.com/watch?v=cibGMGnj4No
‡∞â‡∞ó‡∞æ‡∞¶‡∞ø ‡∞™‡∞ö‡±ç‡∞ö‡∞°‡∞ø üòã |2025 |Village Comedy |5star channel |Laxmi |srikanth |Ugadi |festival #comedy,5 STAR,128173,https://www.youtube.com/watch?v=Ete0YZzWDGM
‡§ö‡•à‡§§‡•ç‡§∞ ‡§®‡§µ‡§∞‡§æ‡§§‡•ç‡§∞‡•Ä ‡§∏‡•ç‡§™‡•á‡§∂‡§≤ | ‡§∂‡•à‡§≤‡§™‡•Å‡§§‡•ç‡§∞‡•Ä ‡§Æ‡§æ‡§§‡§æ ‡§ï‡•Ä ‡§Ü‡§∞‡§§‡•Ä | ‡§ú‡§Ø ‡§∂‡•à‡§≤‡§™‡•Å‡§§‡•ç‡§∞‡•Ä ‡§Æ‡§æ‡§§‡§æ | Shailputri Mata Ki Aarti,Spiritual Activity,97179,https://www.youtube.com/watch?v=uk5gyo-EVOA
‡§ö‡•à‡§§‡•ç‡§∞ ‡§®‡§µ‡§∞‡§æ‡§§‡•ç‡§∞‡§ø ‡§∏‡•ç‡§™‡•á‡§∂‡§≤ | Brahmacharini Mata Aarti | ‡§ú‡§Ø ‡§¨‡•ç‡§∞‡§Æ‡•ç‡§π‡•ç‡§ö‡§æ‡§∞‡§ø‡§£‡•Ä ‡§Æ‡§æ‡§Å | ‡§¨‡•ç‡§∞‡§π‡•ç‡§Æ‡§ö‡§æ‡§∞‡§ø‡§£‡•Ä ‡§Æ‡§æ‡§§‡§æ ‡§ï‡•Ä ‡§Ü‡§∞‡§§‡•Ä,Spiritual Activity,80254,https://www.youtube.com/watch?v=gwoAbyxoHzM
‡§ö‡•à‡§§‡•Ä ‡§õ‡§† ‡§™‡•Ç‡§ú‡§æ ‡§µ‡•ç‡§∞‡§§ ‡§ó‡•Ä‡§§ #JUKEBOX | ‡§Ö‡§â‡§ü‡§≤ ‡§¶‡•Å‡§ß‡§µ‡§æ ‡§è ‡§¶‡•Ä‡§®‡§æ‡§®‡§æ‡§• | Anshu Priya Chaiti Chhath Puja Vrat Geet,Anshu Priya Official,77990,https://www.youtube.com/watch?v=VF03Tox8PJg
‡§ó‡§£‡§ó‡•ã‡§∞ ‡§™‡•Ç‡§ú‡§æ ‡§µ‡§ø‡§ß‡§ø 2025 !! Gangor Puja Vidhi 2025 / gangor ki Puja kaise karen,life of Himanshi,66079,https://www.youtube.com/watch?v=rbmN1-NaqZc
